Message,Priority,Classification,Count
HI_CLIENT_WEBROOT_DIR (119:18:3),low,Unknown Traffic,1
HI_CLIENT_BARE_BYTE (119:4:1),low,Not Suspicious Traffic,23
INDICATOR-SCAN PHP backdoor scan attempt (1:50182:1),low,Misc Activity,222
MALWARE-CNC URI - known scanner tool muieblackcat (1:21257:4),low,Detection of a Network Scan,4
DCE2_EVENT__CO_FLEN_LT_SIZE (133:31:2),medium,Potentially Bad Traffic,6
HI_CLIENT_OVERSIZE_DIR (119:15:2),medium,Potentially Bad Traffic,5
DCE2_EVENT__CO_ZERO_CTX_ITEMS (133:32:2),medium,Potentially Bad Traffic,1
DCE2_EVENT__CO_ZERO_TSYNS (133:33:2),medium,Potentially Bad Traffic,1
SERVER-WEBAPP vBulletin pre-authenticated command injection attempt (1:51620:3),high,Web Application Attack,20
SERVER-WEBAPP vBulletin pre-authenticated command injection attempt (1:51620:2),high,Web Application Attack,17
SERVER-WEBAPP D-Link DSL-2750B routers login.cgi command injection attempt (1:46736:2),high,Web Application Attack,16
SERVER-WEBAPP GPON Router authentication bypass and command injection attempt (1:46624:2),high,Web Application Attack,6
SERVER-WEBAPP vBulletin pre-authenticated command injection attempt (1:51620:1),high,Web Application Attack,2
SERVER-WEBAPP vBulletin pre-authenticated command injection attempt (1:51834:1),high,Web Application Attack,1
SERVER-WEBAPP Axis Communications IP camera SSI command injection attempt (1:45237:2),high,Web Application Attack,1
SERVER-WEBAPP Citrix ADC and Gateway arbitrary code execution attempt (1:52603:1),high,Web Application Attack,1
SERVER-WEBAPP Citrix ADC and Gateway arbitrary code execution attempt (1:52512:2),high,Web Application Attack,1
POLICY-OTHER Adobe ColdFusion admin interface access attempt (1:25975:3),high,Potential Corporate Policy Violation,6
SERVER-WEBAPP Joomla JDatabaseDriverMysqli unserialize code execution attempt (1:37078:4),high,Attempted User Privilege Gain,62
OS-WINDOWS Microsoft Windows Terminal server RDP over non-standard port attempt (1:49040:4),high,Attempted User Privilege Gain,58
SERVER-ORACLE Oracle WebLogic Server remote command execution attempt (1:50021:1),high,Attempted User Privilege Gain,30
SERVER-WEBAPP Apache Struts remote code execution attempt (1:47649:1),high,Attempted User Privilege Gain,5
SERVER-ORACLE Oracle WebLogic Server remote command execution attempt (1:50015:1),high,Attempted User Privilege Gain,4
SERVER-ORACLE Oracle WebLogic Server remote command execution attempt (1:50018:1),high,Attempted User Privilege Gain,2
SERVER-ORACLE Oracle WebLogic Server remote command execution attempt (1:49943:2),high,Attempted User Privilege Gain,2
SERVER-ORACLE Oracle WebLogic Server remote command execution attempt (1:50014:1),high,Attempted User Privilege Gain,1
SERVER-ORACLE Oracle WebLogic Server remote command execution attempt (1:45304:3),high,Attempted Administrator Privilege Gain,28
SERVER-WEBAPP Drupal 8 remote code execution attempt (1:46316:4),high,Attempted Administrator Privilege Gain,27
SERVER-WEBAPP MVPower DVR Shell arbitrary command execution attempt (1:42857:3),high,Attempted Administrator Privilege Gain,25
SERVER-ORACLE Oracle WebLogic Server remote command execution attempt (1:49945:1),high,Attempted Administrator Privilege Gain,22
SERVER-WEBAPP Netgear DGN1000 series routers authentication bypass attempt (1:44687:3),high,Attempted Administrator Privilege Gain,16
SERVER-WEBAPP Netgear DGN1000 series routers arbitrary command execution attempt (1:44688:3),high,Attempted Administrator Privilege Gain,14
SERVER-WEBAPP Shenzhen TVT Digital Technology API OS command injection attempt (1:52277:1),high,Attempted Administrator Privilege Gain,11
OS-OTHER Bash CGI environment variable injection attempt (1:31978:5),high,Attempted Administrator Privilege Gain,6
SERVER-APACHE Apache Struts remote code execution attempt (1:41818:3),high,Attempted Administrator Privilege Gain,5
SERVER-WEBAPP Oracle Weblogic default credentials login attempt (1:40904:3),high,Attempted Administrator Privilege Gain,4
SERVER-APACHE Apache Struts remote code execution attempt (1:41923:3),high,Attempted Administrator Privilege Gain,4
SERVER-OTHER Apache Struts allowStaticMethodAccess invocation attempt (1:26824:8),high,Attempted Administrator Privilege Gain,3
SERVER-APACHE Apache Struts remote code execution attempt (1:49376:1),high,Attempted Administrator Privilege Gain,1
SERVER-WEBAPP Avtech IP Camera search.cgi command injection attempt (1:40448:2),high,Attempted Administrator Privilege Gain,1
SERVER-APACHE Apache Struts freemarker tag OGNL expression injection attempt (1:44328:3),high,Attempted Administrator Privilege Gain,1
MALWARE-CNC Win.Trojan.Gh0st variant outbound connection (1:27964:5),high,A Network Trojan was Detected,3
MALWARE-CNC Win.Trojan.Njrat variant outbound connection (1:36506:2),high,A Network Trojan was Detected,3
MALWARE-CNC Win.Trojan.Remcos variant outbound connection (1:47299:1),high,A Network Trojan was Detected,2
MALWARE-OTHER Win.Backdoor.Chopper inbound request attempt (1:50276:1),high,A Network Trojan was Detected,2
MALWARE-CNC Win.Trojan.Pmabot outbound connection (1:37215:2),high,A Network Trojan was Detected,1
